{"inner_center": [0.25, 0.25, 0.25, 0.25], "inner_radius": 0.25, "upper_point": [1.0, 1.0, 1.0, 1.0], "lower_point": [0.0, 0.0, 0.0, 0.0], "p1": [2017.0, 35850.0, 32066.0, 145.0], "p2": [2016.0, 24698.0, 7355.0, 260.0], "left": {"inner_center": [0.19382871300713697, 0.1938287130071369, 0.1938287130071369, 0.4185138609785895], "inner_radius": 0.1938287130071369, "upper_point": [0.8201560263739173, 0.7184303494755151, 0.7215782750626865, 1.0000000000000002], "lower_point": [-2.6148129564749065e-16, 0.0, 0.0, 0.17984397362608276], "p1": [2013.0, 9481.0, 18894.0, 30.0], "p2": null, "left": null, "right": null}, "right": {"inner_center": [0.14341570648770913, 0.5697528805368728, 0.14341570648770904, 0.14341570648770904], "inner_radius": 0.14341570648770904, "upper_point": [1.0, 1.0, 1.0, 0.28156965052448507], "lower_point": [0.0, 0.0, 0.0, 0.0], "p1": [2013.0, 10210.0, 36219.0, 145.0], "p2": [2016.0, 12270.0, 55885.0, 0.0], "left": {"inner_center": [0.33255521622054646, 0.13000300504407777, 0.40743877369129805, 0.13000300504407775], "inner_radius": 0.13000300504407777, "upper_point": [1.0, 1.0, 1.0, 0.24956206715152243], "lower_point": [0.0, 0.0, 0.0, 0.0], "p1": [2018.0, 37995.0, 30.0, 145.0], "p2": [2019.0, 21995.0, 10.0, 145.0], "left": {"inner_center": [0.5987004777859933, 0.11256261848665083, 0.1761742852407049, 0.11256261848665083], "inner_radius": 0.11256261848665083, "upper_point": [1.0, 0.2805639801251855, 0.9985760547529914, 0.24956206715152243], "lower_point": [0.0011447056059580383, 0.0, 0.0, 0.0], "p1": [2013.0, 9481.0, 18894.0, 30.0], "p2": null, "left": null, "right": null}, "right": {"inner_center": [0.4041960739159434, 0.29245615692084675, 0.1776410145854371, 0.12570675457777264], "inner_radius": 0.12570675457777267, "upper_point": [0.7194360198748144, 1.0, 1.0, 0.24396224798445415], "lower_point": [0.0, -5.1034290686436276e-17, 0.0, 0.0], "p1": [2018.0, 33500.0, 9102.0, 145.0], "p2": [2013.0, 26995.0, 28359.0, 565.0], "left": {"inner_center": [0.12012069768859944, 0.15732105804780738, 0.619310526196577, 0.10324771806701595], "inner_radius": 0.103247718067016, "upper_point": [0.583228033675329, 0.9283577536608922, 0.9999999999999998, 0.24396224798445415], "lower_point": [2.0918407426547747e-16, 2.0686084783636897e-17, 0.0, 1.962415070044705e-17], "p1": [2013.0, 9481.0, 18894.0, 30.0], "p2": null, "left": null, "right": null}, "right": {"inner_center": [0.5338555653584116, 0.2982499444270451, 0.08394724510727167, 0.08394724510727167], "inner_radius": 0.08394724510727167, "upper_point": [0.7194360198748144, 1.0, 0.7395763422729831, 0.1893260587969815], "lower_point": [0.0, 0.07276961012513412, 0.0, 0.0], "p1": [2013.0, 9481.0, 18894.0, 30.0], "p2": null, "left": null, "right": null}}}, "right": {"inner_center": [0.08508574874119637, 0.630222899431161, 0.08508574874119632, 0.19960560308644643], "inner_radius": 0.08508574874119632, "upper_point": [0.40357323600851125, 0.9456980197083469, 0.8041532909169279, 0.28156965052448507], "lower_point": [-8.715976365363288e-17, 0.0, 0.0, 0.05430198029165332], "p1": [2013.0, 9481.0, 18894.0, 30.0], "p2": null, "left": null, "right": null}}}